{
  "num_rows": 154,
  "features": {
    "NumTimesPrg": {
      "type": "continuous",
      "group": "default",
      "statistics": {
        "cnt": 154.0,
        "min": 0.0,
        "max": 13.0,
        "mean": 3.7142857142857144,
        "std": 3.366593495289146,
        "skew": 0.841986689731545,
        "kurt": -0.2917120796887438,
        "ste": 0.2712878349042465,
        "cv": 90.6390556424001,
        "var": 11.33395176252319,
        "sum": 572.0,
        "uss": 3870.0,
        "css": 1745.4285714285713,
        "histogram": {
          "edges": [
            0.0,
            1.3,
            2.6,
            3.9000000000000004,
            5.2,
            6.5,
            7.800000000000001,
            9.1,
            10.4,
            11.700000000000001,
            13.0
          ],
          "values": [
            55.0,
            24.0,
            8.0,
            24.0,
            6.0,
            10.0,
            17.0,
            4.0,
            1.0,
            5.0
          ]
        }
      },
      "importance": 31
    },
    "PlGlcConc": {
      "type": "continuous",
      "group": "default",
      "statistics": {
        "cnt": 154.0,
        "min": 0.0,
        "max": 199.0,
        "mean": 120.74025974025975,
        "std": 34.40416865311173,
        "skew": 0.3340229152510004,
        "kurt": 0.41985069499391525,
        "ste": 2.772366915887957,
        "cv": 28.494363625789,
        "var": 1183.6468207117557,
        "sum": 18594.0,
        "uss": 2427326.0,
        "css": 182281.6103896104,
        "histogram": {
          "edges": [
            0.0,
            19.9,
            39.8,
            59.699999999999996,
            79.6,
            99.5,
            119.39999999999999,
            139.29999999999998,
            159.2,
            179.1,
            199.0
          ],
          "values": [
            1.0,
            1.0,
            0.0,
            9.0,
            32.0,
            42.0,
            31.0,
            18.0,
            6.0,
            14.0
          ]
        }
      },
      "importance": 184
    },
    "BloodP": {
      "type": "continuous",
      "group": "default",
      "statistics": {
        "cnt": 154.0,
        "min": 0.0,
        "max": 110.0,
        "mean": 66.45454545454545,
        "std": 20.769323941842224,
        "skew": -1.9363858962361113,
        "kurt": 4.457461339534184,
        "ste": 1.6736398179618597,
        "cv": 31.253428640255056,
        "var": 431.36481700118065,
        "sum": 10234.0,
        "uss": 746526.0,
        "css": 66430.18181818182,
        "histogram": {
          "edges": [
            0.0,
            11.0,
            22.0,
            33.0,
            44.0,
            55.0,
            66.0,
            77.0,
            88.0,
            99.0,
            110.0
          ],
          "values": [
            10.0,
            15.0,
            0.0,
            0.0,
            0.0,
            30.0,
            52.0,
            35.0,
            11.0,
            1.0
          ]
        }
      },
      "importance": 76
    },
    "SkinThick": {
      "type": "continuous",
      "group": "default",
      "statistics": {
        "cnt": 154.0,
        "min": 0.0,
        "max": 50.0,
        "mean": 19.675324675324674,
        "std": 15.536251330809066,
        "skew": 0.004406673931098358,
        "kurt": -1.2762281730963911,
        "ste": 1.251946809723582,
        "cv": 78.96312557572924,
        "var": 241.37510541406644,
        "sum": 3030.0,
        "uss": 96788.0,
        "css": 37171.76623376623,
        "histogram": {
          "edges": [
            0.0,
            5.0,
            10.0,
            15.0,
            20.0,
            25.0,
            30.0,
            35.0,
            40.0,
            45.0,
            50.0
          ],
          "values": [
            47.0,
            1.0,
            9.0,
            15.0,
            15.0,
            15.0,
            20.0,
            15.0,
            9.0,
            8.0
          ]
        }
      },
      "importance": 111
    },
    "TwoHourSerIns": {
      "type": "continuous",
      "group": "default",
      "statistics": {
        "cnt": 154.0,
        "min": 0.0,
        "max": 846.0,
        "mean": 80.92207792207792,
        "std": 140.41055444046805,
        "skew": 2.7690866382872046,
        "kurt": 9.453390062600896,
        "ste": 11.314604915966498,
        "cv": 173.5132834523518,
        "var": 19715.12379827964,
        "sum": 12462.0,
        "uss": 4044580.0,
        "css": 3036129.064935065,
        "histogram": {
          "edges": [
            0.0,
            84.6,
            169.2,
            253.79999999999998,
            338.4,
            423.0,
            507.59999999999997,
            592.1999999999999,
            676.8,
            761.4,
            846.0
          ],
          "values": [
            106.0,
            20.0,
            16.0,
            3.0,
            3.0,
            2.0,
            2.0,
            1.0,
            0.0,
            1.0
          ]
        }
      },
      "importance": 86
    },
    "BMI": {
      "type": "continuous",
      "group": "default",
      "statistics": {
        "cnt": 154.0,
        "min": 0.0,
        "max": 46.5,
        "mean": 30.670779220779227,
        "std": 7.923505433446338,
        "skew": -1.1765217432687185,
        "kurt": 4.184017905189984,
        "ste": 0.6384942633850934,
        "cv": 25.834053241393427,
        "var": 62.78193835385364,
        "sum": 4723.300000000001,
        "uss": 154535.71000000002,
        "css": 9668.41850649346,
        "histogram": {
          "edges": [
            0.0,
            4.65,
            9.3,
            13.95,
            18.6,
            23.25,
            27.9,
            32.55,
            37.2,
            41.85,
            46.5
          ],
          "values": [
            4.0,
            1.0,
            0.0,
            0.0,
            10.0,
            35.0,
            48.0,
            26.0,
            19.0,
            11.0
          ]
        }
      },
      "importance": 100
    },
    "DiPedFunc": {
      "type": "continuous",
      "group": "default",
      "statistics": {
        "cnt": 154.0,
        "min": 0.078,
        "max": 2.329,
        "mean": 0.45997402597402604,
        "std": 0.33146379301304785,
        "skew": 2.18390379891235,
        "kurt": 7.385915024862992,
        "ste": 0.026710113615286937,
        "cv": 72.06141527473228,
        "var": 0.10986824607859663,
        "sum": 70.83600000000001,
        "uss": 49.50243,
        "css": 16.919709896103882,
        "histogram": {
          "edges": [
            0.07,
            0.3,
            0.53,
            0.75,
            0.98,
            1.2,
            1.43,
            1.65,
            1.88,
            2.1,
            2.33
          ],
          "values": [
            64.0,
            42.0,
            28.0,
            8.0,
            7.0,
            3.0,
            1.0,
            0.0,
            1.0,
            0.0
          ]
        }
      },
      "importance": 131
    },
    "Age": {
      "type": "continuous",
      "group": "default",
      "statistics": {
        "cnt": 154.0,
        "min": 21.0,
        "max": 72.0,
        "mean": 33.811688311688314,
        "std": 12.790910673243808,
        "skew": 1.076819941431351,
        "kurt": 0.19185970745503025,
        "ste": 1.0307209551297198,
        "cv": 37.82984912002201,
        "var": 163.60739585090235,
        "sum": 5207.0,
        "uss": 201253.0,
        "css": 25195.53896103896,
        "histogram": {
          "edges": [
            21.0,
            26.1,
            31.2,
            36.3,
            41.4,
            46.5,
            51.599999999999994,
            56.699999999999996,
            61.8,
            66.9,
            72.0
          ],